,trigger,word,generate
0,"1. ""a"" levels : it is not uncommon nowadays for prostitutes to offer ""a"" levels for no extra compensation.
2. ""a"" levels : ","""a"" levels","it is not uncommon nowadays for prostitutes to offer ""a"" levels for no extra compensation."
1,"1. ""a"" levels : it is not uncommon nowadays for prostitutes to offer ""a"" levels for no extra compensation.
2. ""a"" levels : ","""a"" levels","a prostitute's ""a"" levels are typically higher than their ""b"" levels."
2,"1. ""a"" levels : it is not uncommon nowadays for prostitutes to offer ""a"" levels for no extra compensation.
2. ""a"" levels : ","""a"" levels","it is not uncommon nowadays for prostitutes to offer ""a"" levels for no extra compensation."
3,"1. ""a"" levels : it is not uncommon nowadays for prostitutes to offer ""a"" levels for no extra compensation.
2. ""a"" levels : ","""a"" levels","you can still find ""a"" levels in the game, but you can't ""b"" them."
4,"1. ""deborah""! : ""deborah""!
2. ""deborah""! : ","""deborah""!","""deborah""!"
5,"1. ""deborah""! : ""deborah""!
2. ""deborah""! : ","""deborah""!","""deborah""!"
6,"1. ""in english"" : ""can you say that ""in english"" please?""
2. ""in english"" : ","""in english""","""in english"" is the correct translation of ""in english"" in this case."
7,"1. ""in english"" : ""can you say that ""in english"" please?""
2. ""in english"" : ","""in english""","""can you say that ""in english"" please?"" 3. ""in english"" : ""can you say that ""in english"" please?"""
8,"1. ""life's a bitch and then you die"" : dancingqueen:""life's a bitch and then you die"".
2. ""life's a bitch and then you die"" : ","""life's a bitch and then you die""","ive been killed by a fucking dick : ""life's a bitch and then you die""."
9,"1. ""life's a bitch and then you die"" : dancingqueen:""life's a bitch and then you die"".
2. ""life's a bitch and then you die"" : ","""life's a bitch and then you die""","""life's a bitch and then you die""."
10,"1. ""life's a bitch and then you die"" : dancingqueen:""life's a bitch and then you die"".
2. ""life's a bitch and then you die"" : ","""life's a bitch and then you die""","""life's a bitch and then you die""."
11,"1. ""lifetime movie bad"" : dude, ""a walk to remember"" was not even awful. it was ""lifetime movie bad"". 
2. ""lifetime movie bad"" : ","""lifetime movie bad""","""a walk to remember"" was not even awful. it was ""lifetime movie bad""."
12,"1. ""lifetime movie bad"" : dude, ""a walk to remember"" was not even awful. it was ""lifetime movie bad"". 
2. ""lifetime movie bad"" : ","""lifetime movie bad""","I don't know how you can say ""lifetime movie bad"" without going through all the examples."
13,"1. ""lifetime movie bad"" : dude, ""a walk to remember"" was not even awful. it was ""lifetime movie bad"". 
2. ""lifetime movie bad"" : ","""lifetime movie bad""","""a walk to remember"" was not even awful. it was ""lifetime movie bad""."
14,"1. ""published"" : my definition of ziocon was ""published"" by urban dictionary.
2. ""published"" : ","""published""","""published"" by a website that is not in the same category as the dictionary."
15,"1. #hags : person (in yearbook): i'm gonna miss you #hags
2. #hags : ",#hags,ive been here before #hags
16,"1. #hags : person (in yearbook): i'm gonna miss you #hags
2. #hags : ",#hags,ive been on the road for a while #hags
17,"1. #hags : person (in yearbook): i'm gonna miss you #hags
2. #hags : ",#hags,ive been here a while #hags : i'm gonna miss you #hags
18,"1. #hags : person (in yearbook): i'm gonna miss you #hags
2. #hags : ",#hags,"ive been here a while, but i'm still not sure if i can do it #hags"
19,"1. #hags : person (in yearbook): i'm gonna miss you #hags
2. #hags : ",#hags,ive been here for a year #hags
20,"1. #majigga : #majigga played an awesome house set last night
2. #majigga : ",#majigga,#majigga played a great house set last night
21,"1. #mcm : shanniqua- ""omg gurl ryan gosling is my #mcm look as his sexaay body! ughh!
2. #mcm : ",#mcm,"ikulah- ""omg gurl ryan gosling is my #mcm look as his sexaay body! ughh!"
22,"1. #mcm : shanniqua- ""omg gurl ryan gosling is my #mcm look as his sexaay body! ughh!
2. #mcm : ",#mcm,"ikaray- ""omg gurl ryan gosling is my #mcm look as his sexaay body! ughh!"
23,"1. #mcm : shanniqua- ""omg gurl ryan gosling is my #mcm look as his sexaay body! ughh!
2. #mcm : ",#mcm,"ikim- ""omg gurl ryan gosling is my #mcm look as his sexaay body! ughh!"
24,"1. #mcm : shanniqua- ""omg gurl ryan gosling is my #mcm look as his sexaay body! ughh!
2. #mcm : ",#mcm,"ikkei- ""omg gurl ryan gosling is my #mcm look as his sexaay body!"""
25,"1. #mcm : shanniqua- ""omg gurl ryan gosling is my #mcm look as his sexaay body! ughh!
2. #mcm : ",#mcm,"ikasukuro- ""omg gurl ryan gosling is my #mcm look as his sexaay body!"""
26,"1. #metoo : that person is doing better than me in life, i'm going to accuse them of harassing me because i don't like them and i want people to pay attention to me..#metoo
2. #metoo : ",#metoo,"ive been in a lot of abusive situations, and they are all getting worse now, i'm going to accuse them of harassing me because i don't like them and i want people to pay attention to me..#metoo"
27,"1. #metoo : that person is doing better than me in life, i'm going to accuse them of harassing me because i don't like them and i want people to pay attention to me..#metoo
2. #metoo : ",#metoo,"ive been there, done that. #metoo"
28,"1. #metoo : that person is doing better than me in life, i'm going to accuse them of harassing me because i don't like them and i want people to pay attention to me..#metoo
2. #metoo : ",#metoo,ive been harassing people for awhile and i've been doing it for years and i'm so glad i did it. #metoo
29,"1. #metoo : that person is doing better than me in life, i'm going to accuse them of harassing me because i don't like them and i want people to pay attention to me..#metoo
2. #metoo : ",#metoo,"ive been doing better than you in life, i'm going to accuse them of harassing me because i don't like them and i want people to pay attention to me..#metoo"
30,"1. #nw : #nw grey's anatomy
2. #nw : ",#nw,#nw grey's anatomy
31,"1. #nw : #nw grey's anatomy
2. #nw : ",#nw,???? #nw : #nw grey's anatomy
32,"1. #nw : #nw grey's anatomy
2. #nw : ",#nw,#nw grey's anatomy
33,"1. #yolo : tim: #yolo i just downed 5 kegs of beer #yolo
2. #yolo : ",#yolo,"ive got two cans of water, and I'm going to drink it. #yolo : #yolo i just downed 5 kegs of beer #yolo"
34,"1. #yolo : tim: #yolo i just downed 5 kegs of beer #yolo
2. #yolo : ",#yolo,iz: #yolo i just downed 5 kegs of beer #yolo
35,"1. #yolo : tim: #yolo i just downed 5 kegs of beer #yolo
2. #yolo : ",#yolo,ipsa: #ipsa i just downed 5 kegs of beer #yolo
36,"1. #yolo : tim: #yolo i just downed 5 kegs of beer #yolo
2. #yolo : ",#yolo,ive just downed 5 kegs of beer #yolo
37,"1. 'av it : heading into the club, expecting to have a wicked night... ""let's 'av it!""
2. 'av it : ",'av it,"going to the club, expecting to have a wicked night... ""let's 'av it!"""
38,"1. 'av it : heading into the club, expecting to have a wicked night... ""let's 'av it!""
2. 'av it : ",'av it,I'm not sure if I've ever seen a 'av it.
